verkehrszelle;name;NUTS_2006;NUTS_2021;NUTS_2021_name;coord_x;coord_y
1001;Flensburg, Kreisfreie Stadt;DEF01;DEF01;Flensburg, Kreisfreie Stadt;9.43823181439563;54.7889150729931
1002;Kiel, Landeshauptstadt, Kreisfreie Stadt;DEF02;DEF02;Kiel, Kreisfreie Stadt;10.1299716182485;54.3355897691238
1003;Lübeck, Hansestadt, Kreisfreie Stadt;DEF03;DEF03;Lübeck, Kreisfreie Stadt;10.7298039725267;53.8811005924921
1004;Neumünster, Kreisfreie Stadt;DEF04;DEF04;Neumünster, Kreisfreie Stadt;9.99620215587582;54.0780134739216
1051;Dithmarschen, Landkreis;DEF05;DEF05;Dithmarschen;9.11142221502558;54.1360511001822
1053;Herzogtum Lauenburg, Landkreis;DEF06;DEF06;Herzogtum Lauenburg;10.5997196569662;53.5863435846678
1054;Nordfriesland, Landkreis;DEF07;DEF07;Nordfriesland;8.90091068543667;54.618922912964
1055;Ostholstein, Landkreis;DEF08;DEF08;Ostholstein;10.8015083415245;54.1811672637642
1056;Pinneberg, Landkreis;DEF09;DEF09;Pinneberg;9.57312805296257;53.756110943401
1057;Plön, Landkreis;DEF0A;DEF0A;Plön;10.3540267618575;54.2350498517031
1058;Rendsburg-Eckernförde, Landkreis;DEF0B;DEF0B;Rendsburg-Eckernförde;9.7787929303009;54.293026443061
1059;Schleswig-Flensburg, Landkreis;DEF0C;DEF0C;Schleswig-Flensburg;9.49652194920164;54.6208407773255
1060;Segeberg, Landkreis;DEF0D;DEF0D;Segeberg;10.1404688027403;53.9176470688533
1061;Steinburg, Landkreis;DEF0E;DEF0E;Steinburg;9.51266828354974;53.9284642135505
1062;Stormarn, Landkreis;DEF0F;DEF0F;Stormarn;10.3306601032802;53.7210256125211
2000;Hamburg;DE600;DE600;Hamburg;9.89570784095131;53.5753349923212
3101;Braunschweig, Kreisfreie Stadt;DE911;DE911;Braunschweig, Kreisfreie Stadt;10.5190816060463;52.2772041545677
3102;Salzgitter, Kreisfreie Stadt;DE912;DE912;Salzgitter, Kreisfreie Stadt;10.3761573738398;52.1303345768866
3103;Wolfsburg, Kreisfreie Stadt;DE913;DE913;Wolfsburg, Kreisfreie Stadt;10.7832158246401;52.4103901801782
3151;Gifhorn, Landkreis;DE914;DE914;Gifhorn;10.6045096342877;52.5756034158169
3152;Göttingen, Landkreis;DE915;DE91C;Göttingen;10.0721466650581;51.5574496676857
3153;Goslar, Landkreis;DE916;DE916;Goslar;10.4013601318488;51.8712303630583
3154;Helmstedt, Landkreis;DE917;DE917;Helmstedt;10.885547621623;52.2597886566632
3155;Northeim, Landkreis;DE918;DE918;Northeim;9.84176538762164;51.7392729282228
3156;Osterode am Harz, Landkreis;DE919;DE91C;Göttingen;10.0721466650581;51.5574496676857
3157;Peine, Landkreis;DE91A;DE91A;Peine;10.2644050630064;52.3004842222282
3158;Wolfenbüttel, Landkreis;DE91B;DE91B;Wolfenbüttel;10.5868760879064;52.1262710854506
3241;Hannover, Region;DE929;DE929;Region Hannover;9.74151433362773;52.4272931819642
3251;Diepholz, Landkreis;DE922;DE922;Diepholz;8.69650210658657;52.7303685934696
3252;Hameln-Pyrmont, Landkreis;DE923;DE923;Hameln-Pyrmont;9.39421156347632;52.0980940518028
3254;Hildesheim, Landkreis;DE925;DE925;Hildesheim;9.93230006951316;52.0896932973037
3255;Holzminden, Landkreis;DE926;DE926;Holzminden;9.53789300792657;51.875705925509
3256;Nienburg (Weser), Landkreis;DE927;DE927;Nienburg (Weser);9.1106029287205;52.606511319083
3257;Schaumburg, Landkreis;DE928;DE928;Schaumburg;9.20095002063964;52.2930578535846
3351;Celle, Landkreis;DE931;DE931;Celle;10.1117116142304;52.7292935131541
3352;Cuxhaven, Landkreis;DE932;DE932;Cuxhaven;8.80588239461513;53.6092544104483
3353;Harburg, Landkreis;DE933;DE933;Harburg;9.97519458581129;53.3129570374687
3354;Lüchow-Dannenberg, Landkreis;DE934;DE934;Lüchow-Dannenberg;11.1243560204355;53.0289364237351
3355;Lüneburg, Landkreis;DE935;DE935;Lüneburg, Landkreis;10.5775332085082;53.2387371778087
3356;Osterholz, Landkreis;DE936;DE936;Osterholz;8.7965014115048;53.244388730606
3357;Rotenburg (Wümme), Landkreis;DE937;DE937;Rotenburg (Wümme);9.30171739594481;53.2499481901062
3358;Soltau-Fallingbostel, Landkreis;DE938;DE938;Heidekreis;9.76862782378501;52.9281786715935
3359;Stade, Landkreis;DE939;DE939;Stade;9.42451260735295;53.5847858457428
3360;Uelzen, Landkreis;DE93A;DE93A;Uelzen;10.5558516516143;52.9851700207285
3361;Verden, Landkreis;DE93B;DE93B;Verden;9.16570432721839;52.9718695156391
3401;Delmenhorst, Kreisfreie Stadt;DE941;DE941;Delmenhorst, Kreisfreie Stadt;8.65708330399287;53.0560030820953
3402;Emden, Kreisfreie Stadt;DE942;DE942;Emden, Kreisfreie Stadt;7.16839010970741;53.3587143682365
3403;Oldenburg (Oldenburg), Kreisfreie Stadt;DE943;DE943;Oldenburg (Oldenburg), Kreisfreie Stadt;8.23312123280497;53.1469937570903
3404;Osnabrück, Kreisfreie Stadt;DE944;DE944;Osnabrück, Kreisfreie Stadt;8.03686267970523;52.2798871547014
3405;Wilhelmshaven, Kreisfreie Stadt;DE945;DE945;Wilhelmshaven, Kreisfreie Stadt;8.08430307386174;53.5688210350744
3451;Ammerland, Landkreis;DE946;DE946;Ammerland;8.01342203673234;53.2242191813738
3452;Aurich, Landkreis;DE947;DE947;Aurich;7.35137783433147;53.5031481968879
3453;Cloppenburg, Landkreis;DE948;DE948;Cloppenburg;7.91066216521951;52.9026441228437
3454;Emsland, Landkreis;DE949;DE949;Emsland;7.40123026082939;52.7380206197764
3455;Friesland, Landkreis;DE94A;DE94A;Friesland (DE);7.98233039774639;53.5191692564667
3456;Grafschaft Bentheim, Landkreis;DE94B;DE94B;Grafschaft Bentheim;7.02461949040346;52.472229318426
3457;Leer, Landkreis;DE94C;DE94C;Leer;7.46697998400432;53.2520021465984
3458;Oldenburg, Landkreis;DE94D;DE94D;Oldenburg, Landkreis;8.3875732766811;52.9862501970895
3459;Osnabrück, Landkreis;DE94E;DE94E;Osnabrück, Landkreis;8.04551741229323;52.3757886368426
3460;Vechta, Landkreis;DE94F;DE94F;Vechta;8.22198871289122;52.6599822936572
3461;Wesermarsch, Landkreis;DE94G;DE94G;Wesermarsch;8.38463873021279;53.3491074746782
3462;Wittmund, Landkreis;DE94H;DE94H;Wittmund;7.71105837781152;53.5631652664022
4011;Bremen, Kreisfreie Stadt;DE501;DE501;Bremen, Kreisfreie Stadt;8.77614866671336;53.1098894565868
4012;Bremerhaven, Kreisfreie Stadt;DE502;DE502;Bremerhaven, Kreisfreie Stadt;8.57582492499387;53.5454635370915
5111;Düsseldorf, Kreisfreie Stadt;DEA11;DEA11;Düsseldorf, Kreisfreie Stadt;6.80418522629159;51.2453540032085
5112;Duisburg, Kreisfreie Stadt;DEA12;DEA12;Duisburg, Kreisfreie Stadt;6.73735098846445;51.4275703057489
5113;Essen, Kreisfreie Stadt;DEA13;DEA13;Essen, Kreisfreie Stadt;7.01563030153581;51.4421565929626
5114;Krefeld, Kreisfreie Stadt;DEA14;DEA14;Krefeld, Kreisfreie Stadt;6.59462303152684;51.3493977473507
5116;Mönchengladbach, Kreisfreie Stadt;DEA15;DEA15;Mönchengladbach, Kreisfreie Stadt;6.41428234386443;51.1782531408352
5117;Mülheim an der Ruhr, Kreisfreie Stadt;DEA16;DEA16;Mülheim an der Ruhr, Kreisfreie Stadt;6.87015337133917;51.4149981197239
5119;Oberhausen, Kreisfreie Stadt;DEA17;DEA17;Oberhausen, Kreisfreie Stadt;6.84757868536618;51.5104328588757
5120;Remscheid, Kreisfreie Stadt;DEA18;DEA18;Remscheid, Kreisfreie Stadt;7.22245198974781;51.1796312216715
5122;Solingen, Kreisfreie Stadt;DEA19;DEA19;Solingen, Kreisfreie Stadt;7.07668875489792;51.1536473717181
5124;Wuppertal, Kreisfreie Stadt;DEA1A;DEA1A;Wuppertal, Kreisfreie Stadt;7.17412124679686;51.2366514949295
5154;Kleve, Kreis;DEA1B;DEA1B;Kleve;6.25081028626964;51.6601578069829
5158;Mettmann, Kreis;DEA1C;DEA1C;Mettmann;6.97572084640328;51.2513399337994
5162;Neuss, Kreis;DEA1D;DEA1D;Rhein-Kreis Neuss;6.63952410363104;51.1485699452229
5166;Viersen, Kreis;DEA1E;DEA1E;Viersen;6.33658735982364;51.293357844401
5170;Wesel, Kreis;DEA1F;DEA1F;Wesel;6.62744940619579;51.6248671391886
5314;Bonn, Kreisfreie Stadt;DEA22;DEA22;Bonn, Kreisfreie Stadt;7.10927549280445;50.7068907617972
5315;Köln, Kreisfreie Stadt;DEA23;DEA23;Köln, Kreisfreie Stadt;6.96488223911326;50.9597200301245
5316;Leverkusen, Kreisfreie Stadt;DEA24;DEA24;Leverkusen, Kreisfreie Stadt;7.01047703266478;51.0601588239357
5334;Aachen, Städteregion;DEA2D;DEA2D;Städteregion Aachen;6.21803100174395;50.7294611962673
5358;Düren, Kreis;DEA26;DEA26;Düren;6.45506718033862;50.8151079854784
5362;Erftkreis;DEA27;DEA27;Rhein-Erft-Kreis;6.72105228007907;50.9075123768142
5366;Euskirchen, Kreis;DEA28;DEA28;Euskirchen;6.6420984106152;50.5399594662852
5370;Heinsberg, Kreis;DEA29;DEA29;Heinsberg;6.17697015777798;51.0541395574476
5374;Oberbergischer Kreis;DEA2A;DEA2A;Oberbergischer Kreis;7.51293833841074;51.019030690832
5378;Rheinisch-Bergischer Kreis;DEA2B;DEA2B;Rheinisch-Bergischer Kreis;7.19346952780481;51.0185143406187
5382;Rhein-Sieg-Kreis;DEA2C;DEA2C;Rhein-Sieg-Kreis;7.21722785378182;50.7640122079116
5512;Bottrop, Kreisfreie Stadt;DEA31;DEA31;Bottrop, Kreisfreie Stadt;6.91504799589514;51.5635721586422
5513;Gelsenkirchen, Kreisfreie Stadt;DEA32;DEA32;Gelsenkirchen, Kreisfreie Stadt;7.07626642771188;51.5441800912142
5515;Münster, Kreisfreie Stadt;DEA33;DEA33;Münster, Kreisfreie Stadt;7.62733761624092;51.9438821672691
5554;Borken, Kreis;DEA34;DEA34;Borken;6.91761309211948;51.970258235547
5558;Coesfeld, Kreis;DEA35;DEA35;Coesfeld;7.37569472702348;51.8647314438312
5562;Recklinghausen, Kreis;DEA36;DEA36;Recklinghausen;7.15234348680609;51.6677180240635
5566;Steinfurt, Kreis;DEA37;DEA37;Steinfurt;7.58832132791004;52.2070907527863
5570;Warendorf, Kreis;DEA38;DEA38;Warendorf;7.95974877450634;51.8652723914823
5711;Bielefeld, Kreisfreie Stadt;DEA41;DEA41;Bielefeld, Kreisfreie Stadt;8.54727453901632;52.0142219319388
5754;Gütersloh, Kreis;DEA42;DEA42;Gütersloh;8.36328122657908;51.9224361791663
5758;Herford, Kreis;DEA43;DEA43;Herford;8.62477901682751;52.1629102048418
5762;Höxter, Kreis;DEA44;DEA44;Höxter;9.1750989032076;51.6812817306153
5766;Lippe, Kreis;DEA45;DEA45;Lippe;8.95140186045693;51.9862560354129
5770;Minden-Lübbecke, Kreis;DEA46;DEA46;Minden-Lübbecke;8.7180937210224;52.3503975805705
5774;Paderborn, Kreis;DEA47;DEA47;Paderborn;8.71971032658898;51.6632161644641
5911;Bochum, Kreisfreie Stadt;DEA51;DEA51;Bochum, Kreisfreie Stadt;7.22376541903467;51.4750994872641
5913;Dortmund, Kreisfreie Stadt;DEA52;DEA52;Dortmund, Kreisfreie Stadt;7.46500531303302;51.5096325907831
5914;Hagen, Kreisfreie Stadt;DEA53;DEA53;Hagen, Kreisfreie Stadt;7.49773756078389;51.3535625263549
5915;Hamm, Kreisfreie Stadt;DEA54;DEA54;Hamm, Kreisfreie Stadt;7.81465525523406;51.6620960897032
5916;Herne, Kreisfreie Stadt;DEA55;DEA55;Herne, Kreisfreie Stadt;7.20438229079196;51.5376430346057
5954;Ennepe-Ruhr-Kreis;DEA56;DEA56;Ennepe-Ruhr-Kreis;7.31905563966467;51.3440595836931
5958;Hochsauerlandkreis;DEA57;DEA57;Hochsauerlandkreis;8.39572125998022;51.3038092614018
5962;Märkischer Kreis;DEA58;DEA58;Märkischer Kreis;7.71000867681726;51.2652540924715
5966;Olpe, Kreis;DEA59;DEA59;Olpe;7.97311851615658;51.0889369760629
5970;Siegen-Wittgenstein, Kreis;DEA5A;DEA5A;Siegen-Wittgenstein;8.18343159101446;50.930045598507
5974;Soest, Kreis;DEA5B;DEA5B;Soest;8.20493153404987;51.5570381367888
5978;Unna, Kreis;DEA5C;DEA5C;Unna;7.62635966008766;51.5803753099323
6411;Darmstadt, Kreisfreie Stadt;DE711;DE711;Darmstadt, Kreisfreie Stadt;8.66819975575172;49.8887380132757
6412;Frankfurt am Main, Kreisfreie Stadt;DE712;DE712;Frankfurt am Main, Kreisfreie Stadt;8.66058172680189;50.1186533975146
6413;Offenbach am Main, Kreisfreie Stadt;DE713;DE713;Offenbach am Main, Kreisfreie Stadt;8.77485222048612;50.0968329705706
6414;Wiesbaden, Landeshauptstadt, Kreisfreie Stadt;DE714;DE714;Wiesbaden, Kreisfreie Stadt;8.25548775112274;50.0709512587459
6431;Bergstraße, Landkreis;DE715;DE715;Bergstraße;8.65438772586672;49.6247555573157
6432;Darmstadt-Dieburg, Landkreis;DE716;DE716;Darmstadt-Dieburg;8.79805285647628;49.8552863173051
6433;Groß-Gerau, Landkreis;DE717;DE717;Groß-Gerau;8.47056161754516;49.9096720148109
6434;Hochtaunuskreis;DE718;DE718;Hochtaunuskreis;8.50998628718523;50.2700181199164
6435;Main-Kinzig-Kreis;DE719;DE719;Main-Kinzig-Kreis;9.2723716583254;50.238330847327
6436;Main-Taunus-Kreis;DE71A;DE71A;Main-Taunus-Kreis;8.43163580782074;50.110083312233
6437;Odenwaldkreis;DE71B;DE71B;Odenwaldkreis;8.98028238225583;49.6641992701872
6438;Offenbach, Landkreis;DE71C;DE71C;Offenbach, Landkreis;8.81347669071524;50.0250546732368
6439;Rheingau-Taunus-Kreis;DE71D;DE71D;Rheingau-Taunus-Kreis;8.08674912704479;50.1393043210548
6440;Wetteraukreis;DE71E;DE71E;Wetteraukreis;8.90312100324075;50.3576410284341
6531;Gießen, Landkreis;DE721;DE721;Gießen, Landkreis;8.79738650942265;50.5729410518496
6532;Lahn-Dill-Kreis;DE722;DE722;Lahn-Dill-Kreis;8.37018787672251;50.6421407601831
6533;Limburg-Weilburg, Landkreis;DE723;DE723;Limburg-Weilburg;8.2000493780269;50.423796194459
6534;Marburg-Biedenkopf, Landkreis;DE724;DE724;Marburg-Biedenkopf;8.73146891456711;50.8364013232145
6535;Vogelsbergkreis;DE725;DE725;Vogelsbergkreis;9.27698862700001;50.637991884354
6611;Kassel, Kreisfreie Stadt;DE731;DE731;Kassel, Kreisfreie Stadt;9.45290176903868;51.3089521047083
6631;Fulda, Landkreis;DE732;DE732;Fulda;9.76132546915669;50.5601703716475
6632;Hersfeld-Rotenburg, Landkreis;DE733;DE733;Hersfeld-Rotenburg;9.75608924603396;50.9016529574495
6633;Kassel, Landkreis;DE734;DE734;Kassel, Landkreis;9.40880235111126;51.3992472307908
6634;Schwalm-Eder-Kreis;DE735;DE735;Schwalm-Eder-Kreis;9.36017510156925;51.0210584598034
6635;Waldeck-Frankenberg, Landkreis;DE736;DE736;Waldeck-Frankenberg;8.89493515607741;51.1784927270563
6636;Werra-Meißner-Kreis;DE737;DE737;Werra-Meißner-Kreis;9.92872069516937;51.1798201306424
7111;Koblenz, Kreisfreie Stadt;DEB11;DEB11;Koblenz, Kreisfreie Stadt;7.6082390987724;50.3520655156122
7131;Ahrweiler, Landkreis;DEB12;DEB12;Ahrweiler;7.04432811112451;50.4709399867733
7132;Altenkirchen (Westerwald), Landkreis;DEB13;DEB13;Altenkirchen (Westerwald);7.7234693226586;50.7532150546086
7133;Bad Kreuznach, Landkreis;DEB14;DEB14;Bad Kreuznach;7.68194059451079;49.8257780606978
7134;Birkenfeld, Landkreis;DEB15;DEB15;Birkenfeld;7.27286543678427;49.7170691430704
7135;Cochem-Zell, Landkreis;DEB16;DEB1C;Cochem-Zell;7.17496169568543;50.1301258860536
7137;Mayen-Koblenz, Landkreis;DEB17;DEB17;Mayen-Koblenz;7.34922498917171;50.3293978047567
7138;Neuwied, Landkreis;DEB18;DEB18;Neuwied;7.44755029783076;50.5591254881418
7140;Rhein-Hunsrück-Kreis;DEB19;DEB1D;Rhein-Hunsrück-Kreis;7.49638053107046;50.0397589260308
7141;Rhein-Lahn-Kreis;DEB1A;DEB1A;Rhein-Lahn-Kreis;7.85230850337119;50.2616951380731
7143;Westerwaldkreis;DEB1B;DEB1B;Westerwaldkreis;7.85749581331745;50.5508704568877
7211;Trier, Kreisfreie Stadt;DEB21;DEB21;Trier, Kreisfreie Stadt;6.66150248311458;49.7647301048704
7231;Bernkastel-Wittlich, Landkreis;DEB22;DEB22;Bernkastel-Wittlich;6.96106228321956;49.9242429054702
7232;Bitburg-Prüm, Landkreis;DEB23;DEB23;Eifelkreis Bitburg-Prüm;6.42102823684851;50.0612830976781
7233;Daun, Landkreis;DEB24;DEB24;Vulkaneifel;6.76164314749521;50.237329352626
7235;Trier-Saarburg, Landkreis;DEB25;DEB25;Trier-Saarburg;6.69101494062647;49.6939921990294
7311;Frankenthal (Pfalz), Kreisfreie Stadt;DEB31;DEB31;Frankenthal (Pfalz), Kreisfreie Stadt;8.37126476584004;49.5358099988457
7312;Kaiserslautern, Kreisfreie Stadt;DEB32;DEB32;Kaiserslautern, Kreisfreie Stadt;7.76230277362498;49.4341938224056
7313;Landau in der Pfalz, Kreisfreie Stadt;DEB33;DEB33;Landau in der Pfalz, Kreisfreie Stadt;8.08309646602294;49.2130196691661
7314;Ludwigshafen am Rhein, Kreisfreie Stadt;DEB34;DEB34;Ludwigshafen am Rhein, Kreisfreie Stadt;8.40093259858533;49.4822333728276
7315;Mainz, Kreisfreie Stadt;DEB35;DEB35;Mainz, Kreisfreie Stadt;8.24650650777346;49.9795666823201
7316;Neustadt an der Weinstraße, Kreisfreie Stadt;DEB36;DEB36;Neustadt an der Weinstraße, Kreisfreie Stadt;8.16325976718452;49.3379668536377
7317;Pirmasens, Kreisfreie Stadt;DEB37;DEB37;Pirmasens, Kreisfreie Stadt;7.58839704468675;49.1944230721317
7318;Speyer, Kreisfreie Stadt;DEB38;DEB38;Speyer, Kreisfreie Stadt;8.4554092479949;49.3256298622224
7319;Worms, Kreisfreie Stadt;DEB39;DEB39;Worms, Kreisfreie Stadt;8.33869690467103;49.6349873241071
7320;Zweibrücken, Kreisfreie Stadt;DEB3A;DEB3A;Zweibrücken, Kreisfreie Stadt;7.36017673974984;49.2455972052677
7331;Alzey-Worms, Landkreis;DEB3B;DEB3B;Alzey-Worms;8.16627952019902;49.7460751992309
7332;Bad Dürkheim, Landkreis;DEB3C;DEB3C;Bad Dürkheim;8.12164700037671;49.4557857566449
7333;Donnersbergkreis;DEB3D;DEB3D;Donnersbergkreis;7.90301314804966;49.6280333703764
7334;Germersheim, Landkreis;DEB3E;DEB3E;Germersheim;8.25879412724236;49.1145199530124
7335;Kaiserslautern, Landkreis;DEB3F;DEB3F;Kaiserslautern, Landkreis;7.68903684282609;49.4440285555835
7336;Kusel, Landkreis;DEB3G;DEB3G;Kusel;7.46175123550094;49.5510449216427
7337;Südliche Weinstraße, Landkreis;DEB3H;DEB3H;Südliche Weinstraße;8.05245838960039;49.1889910041167
7338;Ludwigshafen, Landkreis;DEB34;DEB34;Ludwigshafen am Rhein, Kreisfreie Stadt;8.40093259858533;49.4822333728276
7339;Mainz-Bingen, Landkreis;DEB3J;DEB3J;Mainz-Bingen;8.07333172638582;49.9250650997888
7340;Südwestpfalz, Landkreis;DEB3K;DEB3K;Südwestpfalz;7.65557366018845;49.2091875054862
8111;Stuttgart, Landeshauptstadt, Kreisfreie Stadt;DE111;DE111;Stuttgart, Stadtkreis;9.1842606985988;48.7777303070816
8115;Böblingen, Landkreis;DE112;DE112;Böblingen;8.95289778468297;48.6810858517421
8116;Esslingen, Landkreis;DE113;DE113;Esslingen;9.36136941038869;48.6607062933137
8117;Göppingen, Landkreis;DE114;DE114;Göppingen;9.72306016883884;48.6712465258714
8118;Ludwigsburg, Landkreis;DE115;DE115;Ludwigsburg;9.11013059949563;48.936042332155
8119;Rems-Murr-Kreis;DE116;DE116;Rems-Murr-Kreis;9.49768443623646;48.895572623047
8121;Heilbronn, Kreisfreie Stadt;DE117;DE117;Heilbronn, Stadtkreis;9.19102484476412;49.1473800510231
8125;Heilbronn, Landkreis;DE118;DE118;Heilbronn, Landkreis;9.17370801164325;49.1759606052253
8126;Hohenlohekreis;DE119;DE119;Hohenlohekreis;9.60552301047647;49.2803818482687
8127;Schwäbisch Hall, Landkreis;DE11A;DE11A;Schwäbisch Hall;9.89651962650421;49.1464167097546
8128;Main-Tauber-Kreis;DE11B;DE11B;Main-Tauber-Kreis;9.72936259222708;49.5586949986583
8135;Heidenheim, Landkreis;DE11C;DE11C;Heidenheim;10.1859507981228;48.6638978093008
8136;Ostalbkreis;DE11D;DE11D;Ostalbkreis;10.0817561511354;48.878989375831
8211;Baden-Baden, Kreisfreie Stadt;DE121;DE121;Baden-Baden, Stadtkreis;8.24022704587168;48.7566619151856
8212;Karlsruhe, Kreisfreie Stadt;DE122;DE122;Karlsruhe, Stadtkreis;8.39921423807586;49.0140743510045
8215;Karlsruhe, Landkreis;DE123;DE123;Karlsruhe, Landkreis;8.56403801311392;49.0855069414722
8216;Rastatt, Landkreis;DE124;DE124;Rastatt;8.24043620049264;48.7682069910015
8221;Heidelberg, Kreisfreie Stadt;DE125;DE125;Heidelberg, Stadtkreis;8.71003872966503;49.4013546491467
8222;Mannheim, Universitätsstadt, Kreisfreie Stadt;DE126;DE126;Mannheim, Stadtkreis;8.49323693752504;49.5044015247352
8225;Neckar-Odenwald-Kreis;DE127;DE127;Neckar-Odenwald-Kreis;9.282256042208;49.4710680935599
8226;Rhein-Neckar-Kreis;DE128;DE128;Rhein-Neckar-Kreis;8.76000726590123;49.3727120032843
8231;Pforzheim, Kreisfreie Stadt;DE129;DE129;Pforzheim, Stadtkreis;8.70854240052953;48.8739802058891
8235;Calw, Landkreis;DE12A;DE12A;Calw;8.63671502304572;48.6790970795906
8236;Enzkreis;DE12B;DE12B;Enzkreis;8.73884561184848;48.9187975065616
8237;Freudenstadt, Landkreis;DE12C;DE12C;Freudenstadt;8.46381048847112;48.4748253008875
8311;Freiburg im Breisgau, Kreisfreie Stadt;DE131;DE131;Freiburg im Breisgau, Stadtkreis;7.8329279815861;48.0050566915955
8315;Breisgau-Hochschwarzwald, Landkreis;DE132;DE132;Breisgau-Hochschwarzwald;7.93533641237621;47.9224546375906
8316;Emmendingen, Landkreis;DE133;DE133;Emmendingen;7.89896302371054;48.1369988341638
8317;Ortenaukreis;DE134;DE134;Ortenaukreis;8.01804416473416;48.4184188405276
8325;Rottweil, Landkreis;DE135;DE135;Rottweil;8.5328224206446;48.2475666043742
8326;Schwarzwald-Baar-Kreis;DE136;DE136;Schwarzwald-Baar-Kreis;8.41941267536199;48.0107173178939
8327;Tuttlingen, Landkreis;DE137;DE137;Tuttlingen;8.79227005967681;48.0087321229686
8335;Konstanz, Landkreis;DE138;DE138;Konstanz;8.90374392565011;47.7843540412961
8336;Lörrach, Landkreis;DE139;DE139;Lörrach;7.76629248963579;47.7020818252283
8337;Waldshut, Landkreis;DE13A;DE13A;Waldshut;8.22075958302989;47.693902041415
8415;Reutlingen, Landkreis;DE141;DE141;Reutlingen;9.35897182255171;48.421243973667
8416;Tübingen, Landkreis;DE142;DE142;Tübingen, Landkreis;8.96974853527996;48.4794571378163
8417;Zollernalbkreis;DE143;DE143;Zollernalbkreis;8.93965374597832;48.2647165250868
8421;Ulm, Universitätsstadt, Kreisfreie Stadt;DE144;DE144;Ulm, Stadtkreis;9.95937667477234;48.3903162080954
8425;Alb-Donau-Kreis;DE145;DE145;Alb-Donau-Kreis;9.82063235928315;48.4079661640728
8426;Biberach, Landkreis;DE146;DE146;Biberach;9.76356429851069;48.1141764558033
8435;Bodenseekreis;DE147;DE147;Bodenseekreis;9.40015317424061;47.7082926642819
8436;Ravensburg, Landkreis;DE148;DE148;Ravensburg;9.7957701827435;47.8316882426164
8437;Sigmaringen, Landkreis;DE149;DE149;Sigmaringen;9.23877173029131;48.0284652693255
9161;Ingolstadt, Kreisfreie Stadt;DE211;DE211;Ingolstadt, Kreisfreie Stadt;11.3922811795388;48.7589973207162
9162;München, Landeshauptstadt, Kreisfreie Stadt;DE212;DE212;München, Kreisfreie Stadt;11.5423732037339;48.1591370010971
9163;Rosenheim, Kreisfreie Stadt;DE213;DE213;Rosenheim, Kreisfreie Stadt;12.1080627702203;47.8463853109141
9171;Altötting, Landkreis;DE214;DE214;Altötting;12.7194662916813;48.2142410115474
9172;Berchtesgadener Land, Landkreis;DE215;DE215;Berchtesgadener Land;12.8902596842345;47.7088885402121
9173;Bad Tölz-Wolfratshausen, Landkreis;DE216;DE216;Bad Tölz-Wolfratshausen;11.4813666172499;47.7286488085004
9174;Dachau, Landkreis;DE217;DE217;Dachau;11.3616555231185;48.3365398397561
9175;Ebersberg, Landkreis;DE218;DE218;Ebersberg;11.9209381869557;48.0812952415957
9176;Eichstätt, Landkreis;DE219;DE219;Eichstätt;11.363690148327;48.8982020926094
9177;Erding, Landkreis;DE21A;DE21A;Erding;11.9983004334257;48.2932171502857
9178;Freising, Landkreis;DE21B;DE21B;Freising;11.7468421405796;48.4478884591664
9179;Fürstenfeldbruck, Landkreis;DE21C;DE21C;Fürstenfeldbruck;11.2264716783185;48.1832198889083
9180;Garmisch-Partenkirchen, Landkreis;DE21D;DE21D;Garmisch-Partenkirchen;11.1411210492386;47.5483459999219
9181;Landsberg a.Lech, Landkreis;DE21E;DE21E;Landsberg am Lech;10.9505320114129;48.0372938260316
9182;Miesbach, Landkreis;DE21F;DE21F;Miesbach;11.801745830362;47.7431808911477
9183;Mühldorf a.Inn, Landkreis;DE21G;DE21G;Mühldorf a. Inn;12.3825025905014;48.246244596718
9184;München, Landkreis;DE21H;DE21H;München, Landkreis;11.6413611556618;48.0729185534479
9185;Neuburg-Schrobenhausen, Landkreis;DE21I;DE21I;Neuburg-Schrobenhausen;11.2035672457913;48.6646226210478
9186;Pfaffenhofen a.d.Ilm, Landkreis;DE21J;DE21J;Pfaffenhofen a. d. Ilm;11.5223141803769;48.5954667109561
9187;Rosenheim, Landkreis;DE21K;DE21K;Rosenheim, Landkreis;12.1582615657877;47.8851593560771
9188;Starnberg, Landkreis;DE21L;DE21L;Starnberg;11.2789043739571;47.9977734338362
9189;Traunstein, Landkreis;DE21M;DE21M;Traunstein;12.5794336816362;47.8995237998768
9190;Weilheim-Schongau, Landkreis;DE21N;DE21N;Weilheim-Schongau;11.0490794342331;47.7861682726164
9261;Landshut, Kreisfreie Stadt;DE221;DE221;Landshut, Kreisfreie Stadt;12.1426931903016;48.5406916936016
9262;Passau, Kreisfreie Stadt;DE222;DE222;Passau, Kreisfreie Stadt;13.4223016923809;48.5814535575667
9263;Straubing, Kreisfreie Stadt;DE223;DE223;Straubing, Kreisfreie Stadt;12.5670560090878;48.8795254857047
9271;Deggendorf, Landkreis;DE224;DE224;Deggendorf;12.9995646168361;48.7792794589512
9272;Freyung-Grafenau, Landkreis;DE225;DE225;Freyung-Grafenau;13.5003117450151;48.830468676268
9273;Kelheim, Landkreis;DE226;DE226;Kelheim;11.8585379595419;48.8146636840307
9274;Landshut, Landkreis;DE227;DE227;Landshut, Landkreis;12.1932566877658;48.5594589473286
9275;Passau, Landkreis;DE228;DE228;Passau, Landkreis;13.3693089995296;48.5689998461955
9276;Regen, Landkreis;DE229;DE229;Regen;13.1121150975377;49.0197294973661
9277;Rottal-Inn, Landkreis;DE22A;DE22A;Rottal-Inn;12.8693499302975;48.4142654814913
9278;Straubing-Bogen, Landkreis;DE22B;DE22B;Straubing-Bogen;12.5837095575784;48.9003538704648
9279;Dingolfing-Landau, Landkreis;DE22C;DE22C;Dingolfing-Landau;12.6229478562297;48.6420792416999
9361;Amberg, Kreisfreie Stadt;DE231;DE231;Amberg, Kreisfreie Stadt;11.8512464843309;49.4511469242211
9362;Regensburg, Kreisfreie Stadt;DE232;DE232;Regensburg, Kreisfreie Stadt;12.1143895847698;49.0095796221356
9363;Weiden i.d.OPf., Kreisfreie Stadt;DE233;DE233;Weiden i. d. Opf, Kreisfreie Stadt;12.1296180785169;49.6753363122899
9371;Amberg-Sulzbach, Landkreis;DE234;DE234;Amberg-Sulzbach;11.8101439940715;49.4857415603954
9372;Cham, Landkreis;DE235;DE235;Cham;12.7079203172271;49.2301560257792
9373;Neumarkt i.d.OPf., Landkreis;DE236;DE236;Neumarkt i. d. OPf.;11.5724453879802;49.213213773807
9374;Neustadt a.d.Waldnaab, Landkreis;DE237;DE237;Neustadt a. d. Waldnaab;12.1028306113365;49.6897209813966
9375;Regensburg, Landkreis;DE238;DE238;Regensburg, Landkreis;12.1184491209679;49.0177796999048
9376;Schwandorf, Landkreis;DE239;DE239;Schwandorf;12.2638562151803;49.3650283410291
9377;Tirschenreuth, Landkreis;DE23A;DE23A;Tirschenreuth;12.1918199264229;49.9090789370995
9461;Bamberg, Kreisfreie Stadt;DE241;DE241;Bamberg, Kreisfreie Stadt;10.908564765883;49.889623245718
9462;Bayreuth, Kreisfreie Stadt;DE242;DE242;Bayreuth, Kreisfreie Stadt;11.5885573335878;49.9360163211183
9463;Coburg, Kreisfreie Stadt;DE243;DE243;Coburg, Kreisfreie Stadt;10.9444499330932;50.2589144300108
9464;Hof, Kreisfreie Stadt;DE244;DE244;Hof, Kreisfreie Stadt;11.9018787779019;50.310233309086
9471;Bamberg, Landkreis;DE245;DE245;Bamberg, Landkreis;10.8760322746329;49.8993094807074
9472;Bayreuth, Landkreis;DE246;DE246;Bayreuth, Landkreis;11.5639825676154;49.8868894727546
9473;Coburg, Landkreis;DE247;DE247;Coburg, Landkreis;10.9417402629498;50.2560186317332
9474;Forchheim, Landkreis;DE248;DE248;Forchheim;11.1785806879576;49.727077717072
9475;Hof, Landkreis;DE249;DE249;Hof, Landkreis;11.832602353638;50.2703744716691
9476;Kronach, Landkreis;DE24A;DE24A;Kronach;11.3784829055829;50.3294991821797
9477;Kulmbach, Landkreis;DE24B;DE24B;Kulmbach;11.477636395671;50.1016701395568
9478;Lichtenfels, Landkreis;DE24C;DE24C;Lichtenfels;11.1314156049885;50.1125884233716
9479;Wunsiedel i.Fichtelgebirge, Landkreis;DE24D;DE24D;Wunsiedel i. Fichtelgebirge;12.0336336593887;50.0928228079844
9561;Ansbach, Kreisfreie Stadt;DE251;DE251;Ansbach, Kreisfreie Stadt;10.5721121999135;49.2924489762784
9562;Erlangen, Kreisfreie Stadt;DE252;DE252;Erlangen, Kreisfreie Stadt;10.978408674587;49.5751935095812
9563;Fürth, Kreisfreie Stadt;DE253;DE253;Fürth, Kreisfreie Stadt;10.9718812846925;49.4925533718687
9564;Nürnberg, Kreisfreie Stadt;DE254;DE254;Nürnberg, Kreisfreie Stadt;11.0785623185821;49.4352438318898
9565;Schwabach, Kreisfreie Stadt;DE255;DE255;Schwabach, Kreisfreie Stadt;11.0285885462418;49.3369072333087
9571;Ansbach, Landkreis;DE256;DE256;Ansbach, Landkreis;10.4697714966157;49.2420948877371
9572;Erlangen-Höchstadt, Landkreis;DE257;DE257;Erlangen-Höchstadt;10.9324564036675;49.6372447180593
9573;Fürth, Landkreis;DE258;DE258;Fürth, Landkreis;10.8497437581531;49.449377416158
9574;Nürnberger Land, Landkreis;DE259;DE259;Nürnberger Land;11.3797099647152;49.4979598229251
9575;Neustadt a.d.Aisch-Bad Windsheim, Landkreis;DE25A;DE25A;Neustadt a. d. Aisch-Bad Windsheim;10.4570308045746;49.5651147386739
9576;Roth, Landkreis;DE25B;DE25B;Roth;11.1245364753864;49.2057971634752
9577;Weißenburg-Gunzenhausen, Landkreis;DE25C;DE25C;Weißenburg-Gunzenhausen;10.8837449160339;49.0314222534002
9661;Aschaffenburg, Kreisfreie Stadt;DE261;DE261;Aschaffenburg, Kreisfreie Stadt;9.15959414018992;49.9570732220629
9662;Schweinfurt, Kreisfreie Stadt;DE262;DE262;Schweinfurt, Kreisfreie Stadt;10.2123777897238;50.0429226030513
9663;Würzburg, Kreisfreie Stadt;DE263;DE263;Würzburg, Kreisfreie Stadt;9.94117988904169;49.7827481453303
9671;Aschaffenburg, Landkreis;DE264;DE264;Aschaffenburg, Landkreis;9.23367998772883;50.0065756912969
9672;Bad Kissingen, Landkreis;DE265;DE265;Bad Kissingen;9.94224515006029;50.2228338102015
9673;Rhön-Grabfeld, Landkreis;DE266;DE266;Rhön-Grabfeld;10.2695340493628;50.3652655930176
9674;Haßberge, Landkreis;DE267;DE267;Haßberge;10.6063557110635;50.0651484148263
9675;Kitzingen, Landkreis;DE268;DE268;Kitzingen;10.264019200298;49.7521739889635
9676;Miltenberg, Landkreis;DE269;DE269;Miltenberg;9.2381776040624;49.7666665027876
9677;Main-Spessart, Landkreis;DE26A;DE26A;Main-Spessart;9.65869392864506;49.9851117968831
9678;Schweinfurt, Landkreis;DE26B;DE26B;Schweinfurt, Landkreis;10.2636238430482;50.017309967759
9679;Würzburg, Landkreis;DE26C;DE26C;Würzburg, Landkreis;9.93740363430872;49.7381509721174
9761;Augsburg, Kreisfreie Stadt;DE271;DE271;Augsburg, Kreisfreie Stadt;10.8892253698566;48.3502216734385
9762;Kaufbeuren, Kreisfreie Stadt;DE272;DE272;Kaufbeuren, Kreisfreie Stadt;10.6131070521028;47.8755481421486
9763;Kempten (Allgäu), Kreisfreie Stadt;DE273;DE273;Kempten (Allgäu), Kreisfreie Stadt;10.3070022395944;47.7372391372352
9764;Memmingen, Kreisfreie Stadt;DE274;DE274;Memmingen, Kreisfreie Stadt;10.1673897627198;47.9728196648047
9771;Aichach-Friedberg, Landkreis;DE275;DE275;Aichach-Friedberg;11.0529677538074;48.4212735806306
9772;Augsburg, Landkreis;DE276;DE276;Augsburg, Landkreis;10.731967822493;48.3486861166305
9773;Dillingen a.d.Donau, Landkreis;DE277;DE277;Dillingen a.d. Donau;10.520341612903;48.5933949249372
9774;Günzburg, Landkreis;DE278;DE278;Günzburg;10.379761795821;48.3543678830514
9775;Neu-Ulm, Landkreis;DE279;DE279;Neu-Ulm;10.1338627126456;48.3003809707398
9776;Lindau (Bodensee), Landkreis;DE27A;DE27A;Lindau (Bodensee);9.83958305277;47.5908974611474
9777;Ostallgäu, Landkreis;DE27B;DE27B;Ostallgäu;10.6426994020257;47.7660433403633
9778;Unterallgäu, Landkreis;DE27C;DE27C;Unterallgäu;10.383339441403;48.0369988406661
9779;Donau-Ries, Landkreis;DE27D;DE27D;Donau-Ries;10.7114640712231;48.799572760623
9780;Oberallgäu, Landkreis;DE27E;DE27E;Oberallgäu;10.2460905442835;47.5740354604607
10041;Saarbrücken, Stadtverband;DEC01;DEC01;Regionalverband Saarbrücken;6.94658874477709;49.2588625233241
10042;Merzig-Wadern, Landkreis;DEC02;DEC02;Merzig-Wadern;6.67030021464408;49.4944266086115
10043;Neunkirchen, Landkreis;DEC03;DEC03;Neunkirchen;7.12646268027555;49.379345469232
10044;Saarlouis, Landkreis;DEC04;DEC04;Saarlouis;6.78863434802173;49.3657511489061
10045;Saarpfalz-Kreis;DEC05;DEC05;Saarpfalz-Kreis;7.24715660334906;49.2511632886686
10046;St. Wendel, Landkreis;DEC06;DEC06;St. Wendel;7.08576818239635;49.5253066373141
11000;Stadt Berlin;DE300;DE300;Berlin;13.3991691148957;52.4924855860265
12051;Brandenburg an der Havel, Kreisfreie Stadt;DE401;DE401;Brandenburg an der Havel, Kreisfreie Stadt;12.4626839973474;52.4074215696471
12052;Cottbus, Kreisfreie Stadt;DE402;DE402;Cottbus, Kreisfreie Stadt;14.3627438503915;51.7674138487992
12053;Frankfurt (Oder), Kreisfreie Stadt;DE403;DE403;Frankfurt (Oder), Kreisfreie Stadt;14.4998989138845;52.3239354880421
12054;Potsdam, Kreisfreie Stadt;DE404;DE404;Potsdam, Kreisfreie Stadt;13.0382424115064;52.4303734757695
12060;Barnim, Landkreis;DE405;DE405;Barnim;13.7150083692962;52.8212515195283
12061;Dahme-Spreewald, Landkreis;DE406;DE406;Dahme-Spreewald;13.8222394807853;52.0429907090427
12062;Elbe-Elster, Landkreis;DE407;DE407;Elbe-Elster;13.4513614648427;51.6204817693123
12063;Havelland, Landkreis;DE408;DE408;Havelland;12.6299407688485;52.613786692767
12064;Märkisch-Oderland, Landkreis;DE409;DE409;Märkisch-Oderland;14.1457236851937;52.6087534450702
12065;Oberhavel, Landkreis;DE40A;DE40A;Oberhavel;13.2051371779788;52.894563433442
12066;Oberspreewald-Lausitz, Landkreis;DE40B;DE40B;Oberspreewald-Lausitz;13.9403534675236;51.6144560541954
12067;Oder-Spree, Landkreis;DE40C;DE40C;Oder-Spree;14.2224968187881;52.250228546146
12068;Ostprignitz-Ruppin, Landkreis;DE40D;DE40D;Ostprignitz-Ruppin;12.6159977204846;52.9953043102978
12069;Potsdam-Mittelmark, Landkreis;DE40E;DE40E;Potsdam-Mittelmark;12.6844782533291;52.2505972129634
12070;Prignitz, Landkreis;DE40F;DE40F;Prignitz;11.9541398904652;53.1109813479421
12071;Spree-Neiße, Landkreis;DE40G;DE40G;Spree-Neiße;14.4263691699545;51.7577457775757
12072;Teltow-Fläming, Landkreis;DE40H;DE40H;Teltow-Fläming;13.2656097862391;52.0748645280518
12073;Uckermark, Landkreis;DE40I;DE40I;Uckermark;13.8635908988094;53.206794043919
13001;Greifswald, Kreisfreie Stadt;DE801;DE80N;Vorpommern-Greifswald;13.7856391259761;53.7919575671234
13002;Neubrandenburg, Kreisfreie Stadt;DE802;DE80J;Mecklenburgische Seenplatte;13.0048126771194;53.5412048888918
13003;Rostock, Kreisfreie Stadt;DE803;DE803;Rostock, Kreisfreie Stadt;12.1438725778565;54.1648875936198
13004;Schwerin, Kreisfreie Stadt;DE804;DE804;Schwerin, Kreisfreie Stadt;11.4071489848096;53.6260995639734
13005;Stralsund, Kreisfreie Stadt;DE805;DE80L;Vorpommern-Rügen;12.9845426209438;54.2722065637413
13006;Wismar, Kreisfreie Stadt;DE806;DE80M;Nordwestmecklenburg;11.2653424963805;53.8241588043673
13051;Bad Doberan, Kreis;DE807;DE80K;Landkreis Rostock;12.2230567489522;53.9094179301428
13052;Demmin, Kreis;DE808;DE80J;Mecklenburgische Seenplatte;13.0048126771194;53.5412048888918
13053;Güstrow, Kreis;DE809;DE80K;Landkreis Rostock;12.2230567489522;53.9094179301428
13054;Ludwigslust, Kreis;DE80A;DE80O;Ludwigslust-Parchim;11.5377786430256;53.450621591277
13055;Mecklenburg-Strelitz, Kreis;DE80B;DE80J;Mecklenburgische Seenplatte;13.0048126771194;53.5412048888918
13056;Müritz, Kreis;DE80C;DE80J;Mecklenburgische Seenplatte;13.0048126771194;53.5412048888918
13057;Nordvorpommern, Kreis;DE80D;DE80L;Vorpommern-Rügen;12.9845426209438;54.2722065637413
13058;Nordwestmecklenburg, Kreis;DE80E;DE80M;Nordwestmecklenburg;11.2653424963805;53.8241588043673
13059;Ostvorpommern, Kreis;DE80F;DE80N;Vorpommern-Greifswald;13.7856391259761;53.7919575671234
13060;Parchim, Kreis;DE80G;DE80O;Ludwigslust-Parchim;11.5377786430256;53.450621591277
13061;Rügen, Kreis;DE80H;DE80L;Vorpommern-Rügen;12.9845426209438;54.2722065637413
13062;Uecker-Randow;DE80I;DE80N;Vorpommern-Greifswald;13.7856391259761;53.7919575671234
14511;Chemnitz, Stadt;DED41;DED41;Chemnitz, Kreisfreie Stadt;12.9065842550147;50.8215053200463
14521;Erzgebirgskreis;DED42;DED42;Erzgebirgskreis;12.9581822768479;50.6114443166803
14522;Mittelsachsen;DED43;DED43;Mittelsachsen;13.136414896936;50.9547713275205
14523;Vogtlandkreis;DED44;DED44;Vogtlandkreis;12.247086059239;50.450981629745
14524;Zwickau;DED45;DED45;Zwickau;12.5254368163071;50.753596013425
14612;Dresden, Stadt;DED21;DED21;Dresden, Kreisfreie Stadt;13.7774457223658;51.0735591505359
14625;Bautzen;DED2C;DED2C;Bautzen;14.2132584992751;51.2675258116017
14626;Görlitz;DED2D;DED2D;Görlitz;14.7409847811233;51.2293556486983
14627;Meißen;DED2E;DED2E;Meißen;13.4825790280562;51.2457296973216
14628;Sächsische Schweiz-Osterzgebirge;DED2F;DED2F;Sächsische Schweiz-Osterzgebirge;13.8715960673657;50.9139730089502
14713;Leipzig, Stadt;DED52;DED52;Leipzig;12.6068234660403;51.2277110797124
14729;Leipzig;DED52;DED52;Leipzig;12.6068234660403;51.2277110797124
14730;Nordsachsen;DEG07;DEG07;Nordhausen;10.7218202523738;51.5076150680786
15001;Dessau-Roßlau, Stadt;DEE01;DEE01;Dessau-Roßlau, Kreisfreie Stadt;12.2395141394335;51.8470887503937
15002;Halle (Saale), Stadt;DEE02;DEE02;Halle (Saale), Kreisfreie Stadt;11.9679807667391;51.4784512095218
15003;Magdeburg, Landeshauptstadt;DEE03;DEE03;Magdeburg, Kreisfreie Stadt;11.651217861666;52.1217100084753
15081;Altmarkkreis Salzwedel;DEE04;DEE04;Altmarkkreis Salzwedel;11.2291778647227;52.6824479541359
15082;Anhalt-Bitterfeld;DEE05;DEE05;Anhalt-Bitterfeld;12.1391988228295;51.7916634180241
15083;Börde;DEE07;DEE07;Börde;11.3571281148914;52.2229826048126
15084;Burgenlandkreis;DEE08;DEE08;Burgenlandkreis;11.8864685590789;51.1412598710946
15085;Harz;DEE09;DEE09;Harz;10.961921476568;51.8233272044736
15086;Jerichower Land;DEE06;DEE06;Jerichower Land;12.030526133859;52.2548466015237
15087;Mansfeld-Südharz;DEE0A;DEE0A;Mansfeld-Südharz;11.3583449872874;51.5303329963445
15088;Saalekreis;DEE0B;DEE0B;Saalekreis;11.8710481564516;51.4199408090055
15089;Salzlandkreis;DEE0C;DEE0C;Salzlandkreis;11.6380020960901;51.8516405128324
15090;Stendal;DEE0D;DEE0D;Stendal;11.8417945681595;52.6954464245117
15091;Wittenberg;DEE0E;DEE0E;Wittenberg;12.6984240264441;51.818332362119
16051;Erfurt, Landeshauptstadt;DEG01;DEG01;Erfurt, Kreisfreie Stadt;11.0171280862735;50.9810004882585
16052;Gera, Stadtkreis;DEG02;DEG02;Gera, Kreisfreie Stadt;12.0748172688991;50.9081607728378
16053;Jena, Stadtkreis;DEG03;DEG03;Jena, Kreisfreie Stadt;11.5838331378047;50.9244888867744
16054;Suhl, Stadtkreis;DEG04;DEG04;Suhl, Kreisfreie Stadt;10.7175107179527;50.6109713175372
16055;Weimar, Stadtkreis;DEG05;DEG05;Weimar, Kreisfreie Stadt;11.3225209517612;50.9748900719794
16056;Eisenach, Stadtkreis;DEG0N;DEG0N;Eisenach, Kreisfreie Stadt;10.3134487135177;50.9907915131167
16061;Eichsfeld, Kreis;DEG06;DEG06;Eichsfeld;10.2639550669332;51.3788908535167
16062;Nordhausen, Kreis;DEG07;DEG07;Nordhausen;10.7218202523738;51.5076150680786
16063;Wartburgkreis;DEG0P;DEG0P;Wartburgkreis;10.2180325392178;50.8838133348067
16064;Unstrut-Hainich-Kreis;DEG09;DEG09;Unstrut-Hainich-Kreis;10.5579047285617;51.1750357985544
16065;Kyffhäuserkreis;DEG0A;DEG0A;Kyffhäuserkreis;10.9643242943607;51.3223367373366
16066;Schmalkalden-Meiningen, Kreis;DEG0B;DEG0B;Schmalkalden-Meiningen;10.4087422780872;50.6320293570266
16067;Gotha, Kreis;DEG0C;DEG0C;Gotha;10.703332487068;50.9063624802794
16068;Sömmerda, Kreis;DEG0D;DEG0D;Sömmerda;11.1483757734157;51.1591066841642
16069;Hildburghausen, Kreis;DEG0E;DEG0E;Hildburghausen;10.731156446739;50.4297089713223
16070;Ilm-Kreis, Kreis;DEG0F;DEG0F;Ilm-Kreis;10.9711999643284;50.7355275471725
16071;Weimarer-Land, Kreis;DEG0G;DEG0G;Weimarer Land;11.3639827446994;50.9673511095249
16072;Sonneberg, Kreis;DEG0H;DEG0H;Sonneberg;11.1151899361127;50.4171975118102
16073;Saalfeld-Rudolstadt, Kreis;DEG0I;DEG0I;Saalfeld-Rudolstadt;11.3090029865254;50.6358017589657
16074;Saale-Holzland-Kreis;DEG0J;DEG0J;Saale-Holzland-Kreis;11.7347077152221;50.9028922904725
16075;Saale-Orla-Kreis;DEG0K;DEG0K;Saale-Orla-Kreis;11.7156116905825;50.5855158036
16076;Greiz, Kreis;DEG0L;DEG0L;Greiz;12.0853941615819;50.7464663273466
16077;Altenburger Land, Kreis;DEG0M;DEG0M;Altenburger Land;12.4019352877774;50.9603013541179
21011;Kopenhagen;DK1;DK01;Hovedstaden;12.8861959125019;55.6909671915042
21012;Seeland Süd;DK2;DK02;Sjælland;11.7237431046082;55.2584728001304
21013;Bornholm;DK6;DK014;Bornholm;14.9096256034086;55.1232828981838
21014;Fünen;DK3;DK031;Fyn;10.3687118804338;55.2688331276394
21015;Jütland Süd;DK4;DK032;Sydjylland;9.07703117504932;55.3820457192159
21016;Jütland Nord;DK5;DK0;DANMARK;10.0567532776273;55.960654031934
22001;Norwegen;N;NO0;NORGE;13.9943106770413;64.4647324033209
23011;Stockholm/Mittelschweden Ost;S1;SE;SVERIGE;16.7634313940251;62.7581820315384
23012;Göteborg/Mittelschweden West;S2;SE23;Västsverige;12.8186483231422;58.0942753824864
23013;Malmö/Südschweden;S3;SE22;Sydsverige;13.9584554519336;56.0281768322216
23014;Nordschweden;S4;SE3;NORRA SVERIGE;17.3871476149477;64.4146223391993
24001;Finnland;FIN;FI1;MANNER-SUOMI;26.2401497012798;64.4821445155597
29001;Island;IS;IS002;Landsbyggð;-18.5428487552273;64.983666680863
31011;Amsterdam/Nordholland;NL1;NL32;Noord-Holland;4.92146049507077;52.611300435964
31012;Utrecht;NL3;NL310;Utrecht;5.16337988003282;52.0943666366228
31013;Rotterdam/Südholland;NL2;NL33;Zuid-Holland;4.49158871066079;51.938433257619
31014;Zeeland;NL4;NL342;Overig Zeeland;3.97725293998429;51.547576489631
31021;Groningen;NL10;NL11;Groningen;6.74752228431528;53.2176100645473
31022;Winschoten;NL12;NL111;Oost-Groningen;7.03488338565151;53.0904349163779
31023;Emmen;NL13;NL132;Zuidoost-Drenthe;6.8493913626462;52.7910485307826
31024;Drenthe West;NL11;NL13;Drenthe;6.61819528089954;52.8572557544968
31025;Friesland;NL9;NL12;Friesland (NL);5.79614868139117;53.0754566102363
31031;Arnhem/Nijmegen;NL17;NL226;Arnhem/Nijmegen;5.89550266229937;51.909772019105
31032;Apeldoorn;NL7;NL221;Veluwe;5.8022429669604;52.2250674738454
31033;Flevoland;NL8;NL230;Flevoland;5.50737951222365;52.5459744887331
31034;Zwolle;NL14;NL21;Overijssel;6.4275138146968;52.452872843696
31035;Enschede;NL15;NL213;Twente;6.71180548456121;52.3161054700813
31036;Gelderland Ost;NL16;NL225;Achterhoek;6.40628288366068;52.0430940079544
31041;Eindhoven/Nordbrabant Ost;NL6;NL41;Noord-Brabant;5.19249994415038;51.5572423107322
31042;Venlo;NL18;NL421;Noord-Limburg;6.03055868931861;51.4653477618097
31043;Roermond;NL19;NL422;Midden-Limburg;5.8842786992372;51.1973285839504
31044;Maastricht;NL20;NL423;Zuid-Limburg;5.86979452252224;50.8826238308133
31045;Nordbrabant West;NL5;NL41;Noord-Brabant;5.19249994415038;51.5572423107322
32011;Brüssel;BE1;BE24;Prov. Vlaams-Brabant;4.58662347104135;50.8745117583038
32012;Antwerpen;BE4;BE21;Prov. Antwerpen;4.71877827933484;51.2318534849513
32013;Hasselt;BE9;BE22;Prov. Limburg (BE);5.42918156846206;50.9881342855124
32014;Ostflandern;BE5;BE23;Prov. Oost-Vlaanderen;3.8049046616461;51.0351633138434
32015;Westflandern;BE6;BE25;Prov. West-Vlaanderen;3.05337357526177;51.0106212101113
32021;Hainaut;BE7;BE32;Prov. Hainaut;3.97238502544875;50.4707350355978
32022;Brabant Süd;BE3;BE310;Arr. Nivelles;4.60437075376315;50.6698025557767
32023;Namur;BE8;BE35;Prov. Namur;4.85607484746209;50.2477643280519
32024;Lüttich;BE10;BE33;Prov. Liège;5.7365663328817;50.5171651406291
32025;Eupen/Malmedy;BE12;BE336;Bezirk Verviers - Deutschsprachige Gemeinschaft;6.1696653532727;50.3919484047595
32026;Belgisch-Luxembourg;BE11;BE34;Prov. Luxembourg (BE);5.51804792221455;49.9548466707922
33001;Luxemburg;LUX;LU000;Luxembourg;6.09891546127588;49.7751212603235
36011;London/Südostengland;UK1;UK;UNITED KINGDOM;-2.90579247465215;54.1699231532567
36012;Großbritannien Rest;UK2;UK;UNITED KINGDOM;-2.90579247465215;54.1699231532567
37001;Irland;IRL;IE0;IRELAND;-8.14657597054137;53.1794972936864
41011;Paris;FR1;FR1;ILE-DE-FRANCE;2.51267781689669;48.7111106188179
41021;Picardie;FR2;FRE2;Picardie;2.80803284695234;49.6422978619351
41022;Champagne/Ardenne;FR4;FRF2;Champagne-Ardenne;4.54448068421233;48.7312908179429
41023;Bourgogne;FR10;FRC1;Bourgogne;4.14982746653095;47.2458111117067
41024;Normandie/Centre;FR15;FRB0;Centre - Val de Loire;1.68445897735368;47.4769801591433
41031;Lille;FR3;FRE1;Nord-Pas de Calais;2.73642817556572;50.4647818989856
41041;Nancy/Lothringen Süd/West;FR5;FRF3;Lorraine;6.14289753078025;48.7635056470632
41042;Metz/Moselle;FR6;FRF33;Moselle;6.65607383755696;49.0422666341734
41043;Strasbourg/ Bas Rhin;FR7;FRF11;Bas-Rhin;7.5527897897037;48.6680048232984
41044;Mulhouse/ Haut Rhin;FR8;FRF12;Haut-Rhin;7.27412449592901;47.8530928653109
41045;Franche Comte;FR9;FRC2;Franche-Comté;6.08835509802578;47.2102315001079
41051;Auvergne/Rhone-Alpes;FR11;FRK;AUVERGNE-RHÔNE-ALPES;4.54372032451921;45.5155642952833
41052;Frankreich Mittelmeerküste;FR12;FRJ1;Languedoc-Roussillon;3.22576872438424;43.592134621393
41053;Südwestfrankreich;FR13;FRJ;LANGUEDOC-ROUSSILLON-MIDI-PYRÉNÉES;2.14473774180772;43.6985890353225
41054;Westfrankreich;FR14;FRG;PAYS DE LA LOIRE;-0.815714264056251;47.477368662235
42001;Spanien;ES;ES;ESPAÑA;-3.64250774096299;40.2283152977169
43001;Portugal;PT;PT;PORTUGAL;-8.53433997371871;39.5782949481437
51011;Basel-Stadt;CH1;CH031;Basel-Stadt;7.59376047739611;47.5616350454309
51012;Basel-Landschaft;CH2;CH032;Basel-Landschaft;7.70701568147245;47.4532649452968
51013;Aargau;CH3;CH033;Aargau;8.1417034924712;47.4143142562619
51014;Zürich;CH5;CH040;Zürich;8.65297766376421;47.4135209686599
51015;Schaffhausen;CH4;CH052;Schaffhausen;8.57812121686651;47.7173039859602
51016;Thurgau;CH6;CH057;Thurgau;9.09375790279164;47.5645484042619
51017;St. Gallen;CH7;CH055;St. Gallen;9.27971375552713;47.2464345538514
51018;Chur;CH10;CH056;Graubünden;9.62469255935915;46.6621772265469
51019;Zentralschweiz;CH8;CH06;Zentralschweiz;8.42398433447114;46.9689115177105
51021;Bern;CH9;CH02;Espace Mittelland;7.42793869850221;46.8999438341819
51022;Genf/Lausanne/Wallis;CH12;CH01;Région lémanique;7.21926359298865;46.3423520398727
51023;Tessin;CH11;CH070;Ticino;8.81353282416487;46.2907906703992
51901;Liechtenstein;LI;LI000;Liechtenstein;9.55036341902669;47.1362856930959
52011;Wien/Österreich Ost;AT14;AT1;OSTÖSTERREICH;15.897395109962;48.1479306683055
52012;Steiermark;AT13;AT22;Steiermark;15.0048095701273;47.2671055638607
52013;Kärnten;AT12;AT21;Kärnten;13.9267243994498;46.7746788381702
52014;Linz;AT10;AT31;Oberösterreich;13.9642725570727;48.136518279989
52015;Innviertel;AT11;AT311;Innviertel;13.4169138009338;48.2453555736028
52016;Salzburg;AT8;AT323;Salzburg und Umgebung;13.2035487486434;47.7493204344399
52017;Bischofshofen;AT9;AT32;Salzburg;13.077413272997;47.3930241034968
52021;Tiroler Unterland;AT6;AT335;Tiroler Unterland;12.0194682011042;47.3875700280064
52022;Osttirol;AT7;AT333;Osttirol;12.524764629703;46.9055465253933
52023;Innsbruck;AT3;AT332;Innsbruck;11.3425763516218;47.2032993809517
52024;Tiroler Oberland;AT5;AT334;Tiroler Oberland;10.701998629692;47.0729139879854
52025;Außerfern;AT4;AT331;Außerfern;10.5638360953834;47.3800758896214
52026;Vorarlberg Ost;AT2;AT341;Bludenz-Bregenzer Wald;9.95853979391265;47.1705340265013
52027;Bregenz;AT1;AT342;Rheintal-Bodenseegebiet;9.73314266831495;47.388435344547
53011;Mailand;IT2;ITC4;Lombardia;9.76831803306267;45.6174878495017
53012;Turin;IT1;ITC1;Piemonte;7.91762381055186;45.0618459076986
53013;Genua;IT3;ITC3;Liguria;8.7083263493647;44.269705774793
53021;Bozen;IT7;ITH10;Bolzano-Bozen;11.4090294962545;46.7001556152347
53022;Trient;IT8;ITH20;Trento;11.1083931815595;46.1341017226068
53023;Venedig;IT5;ITH3;Veneto;11.849641032125;45.6640898293668
53024;Triest;IT6;ITH4;Friuli-Venezia Giulia;13.0599577654147;46.1660406272909
53025;Bologna;IT4;ITH5;Emilia-Romagna;11.0396879297158;44.5244538138262
53031;Rom/Mittelitalien;IT9;ITI;CENTRO (IT);12.1248127082637;42.9331160753804
53032;Italien Süd;IT10;ITF;SUD;15.6143271382945;40.7485362971836
55001;Slowenien;SL;SI0;SLOVENIJA;14.8258746621628;46.1242393399678
56001;Kroatien;HR;HR0;HRVATSKA;16.4035762640608;45.0557287601463
57001;Griechenland;GR;EL;ΕΛΛΑΔΑ;22.9760073378293;39.0467819937004
59101;Serbien;SRB;RS;REPUBLIKA SRBIJA /РЕПУБЛИКА СРБИЈА;20.7954156452265;44.2327229637438
59401;Mazedonien;MK;MK00;Severna Makedonija;21.7054986363593;41.6020481897427
59501;Montenegro;ME;ME000;Црна Гора;19.2519748906381;42.7849290099949
59901;Albanien;AL;AL0;SHQIPËRIA;20.065999236317;41.1429256509699
61011;Budapest;HU1;HU1;KÖZÉP-MAGYARORSZÁG;19.3489056011457;47.4170381637332
61012;Ungarn West;HU2;HU2;DUNÁNTÚL;17.7457958140413;46.872396283121
61013;Ungarn Ost;HU3;HU3;ALFÖLD ÉS ÉSZAK;20.6459583607214;47.3429945903838
62001;Rumänien;RO;RO;ROMÂNIA;24.9831861281519;45.8389356088733
63001;Bulgarien;BG;BG;БЪЛГАРИЯ;25.2409323997331;42.7551103013674
68001;Zypern;CY;CY000;Κύπρος;33.2251953883769;35.0506026610657
69001;Türkei;TR;TR;TÜRKIYE;35.1793469246433;39.059874811521
71011;Prag;CZ1;CZ02;Střední Čechy;14.558423570982;50.0047505847818
71012;Budweis;CZ6;CZ031;Jihočeský kraj;14.4390190176015;49.0918803868505
71013;Pilsen;CZ5;CZ032;Plzeňský kraj;13.227735705917;49.5994011874398
71014;Karlsbad;CZ4;CZ041;Karlovarský kraj;12.7545575099349;50.1662523202187
71015;Aussig;CZ3;CZ042;Ústecký kraj;13.8452771531996;50.5309950272258
71016;Liberec;CZ2;CZ051;Liberecký kraj;15.0038558139246;50.705031728896
71017;Hradec-Kralove;CZ7;CZ05;Severovýchod;15.7729086914636;50.283438619676
71018;Brünn;CZ8;CZ06;Jihovýchod;16.1709293696174;49.2413730348488
71019;Ostrava;CZ9;CZ07;Střední Morava;17.4299168742562;49.5389677514534
72011;Bratislava/Slowakei West;SK1;SK02;Západné Slovensko;18.0683357049705;48.4110184034811
72012;Slowakei Mitte/Ost;SK2;SK03;Stredné Slovensko;19.3616376626041;48.7970841025595
73011;Warschau;PL1;PL9;MAKROREGION WOJEWÓDZTWO MAZOWIECKIE;21.0922906072642;52.3445092088113
73012;Lublin;PL2;PL8;MAKROREGION WSCHODNI;22.711286808355;51.5567663603333
73013;Krakau/Kattowitz;PL3;PL2;MAKROREGION POŁUDNIOWY;19.6984748255629;50.0700104355393
73021;Oppeln;PL4;PL52;Opolskie;17.8990603200923;50.6488445791739
73022;Breslau;PL13;PL51;Dolnośląskie;16.4086880463232;51.0864976421084
73023;Liegnitz;PL12;PL515;Jeleniogórski;15.5917978078423;51.0954358365407
73031;Posen;PL5;PL41;Wielkopolskie;17.239782611062;52.331372007868
73032;Grünberg (PL);PL11;PL432;Zielonogórski;15.3848223795929;51.8747814143203
73033;Landsberg (PL);PL10;PL431;Gorzowski;15.2860221066313;52.5940413683546
73034;Stettin;PL7;PL424;Miasto Szczecin;14.6082958761174;53.4395361460105
73035;Stettin-Umland;PL8;PL428;Szczeciński;14.8441652003905;53.5000543612576
73036;Köslin;PL9;PL42;Zachodniopomorskie;15.5569779598881;53.5807058010096
73041;Danzig/Nordpolen;PL6;PL6;MAKROREGION PÓŁNOCNY;19.2687585416355;53.7144392586189
74101;Litauen;LT;LT0;LIETUVA;23.9022113722377;55.339765713565
74201;Lettland;LV;LV00;Latvija;24.9271580644057;56.8532136267187
74301;Estland;EE;EE00;Eesti;25.5469082426424;58.6679704071583
59201;Kosovo;XK;;;21.1738684244268;42.6774750118055
59301;Bosnien Herzegowina;BIH;;;18.4842399192541;43.9262712427453
75011;Rußland (ohne Kaliningrad);RU1;;;99.665662954029;62.2565615809696
75012;Kaliningrad;RU2;;;20.5055101480995;54.7184805923884
76101;Weißrussland;BY;;;27.601691571949;54.0737450266064
76201;Ukraine;UA;;;31.4612450150186;49.0366123244916
76301;Moldavien;MD;;;28.8256959796113;47.0489568169834
77101;Georgien;GEO;;;43.480933712908;42.2025937183898
77201;Armenien;ARM;;;44.7175490515846;40.2919641769659
77301;Aserbaidschan;AZ;;;48.1415901606145;40.4273675624358
1118;Seehafen Brunsbüttel;;;;9.16790960242107;53.897206992928
1128;Seehafen Flensburg;;;;9.43862166171773;54.7996401622607
1138;Seehafen Kiel;;;;10.1405765248047;54.3208461765806
1148;Seehafen Puttgarden;;;;11.2262482258382;54.5043803019403
1158;Seehafen Lübeck-Travemünde;;;;10.8587300321514;53.9397065574377
2118;Seehafen Hamburg;;;;9.94597355064635;53.5362313177215
3518;Seehafen Papenburg;;;;7.37435643715985;53.0908611234338
3528;Seehafen Emden;;;;7.19527014498999;53.3551835882578
3538;Seehafen Wilhelmshaven;;;;8.150267081726;53.5891330463008
3548;Seehafen Nordenham;;;;8.54166374723956;53.5812270342694
3558;Seehafen Brake;;;;8.49346528356837;53.3549091684238
3568;Seehafen Cuxhaven;;;;8.72139799499419;53.8627774521972
3578;Seehafen Stade;;;;9.48179963156659;53.5764533878874
4118;Seehafen Bremen;;;;8.73316250065125;53.1028456187749
4128;Seehafen Bremerhaven;;;;8.5743982887463;53.5157769096303
13118;Seehafen Wismar;;;;11.4589411982935;53.9006607612315
13128;Seehafen Rostock;;;;12.1161368056035;54.1589569642312
13138;Seehafen Stralsund;;;;13.1068473090084;54.2975517903957
13148;Seehafen Sassnitz-Mukran;;;;13.5924624839178;54.4874349665842
31991;Seehafen Amsterdam;;;;4.7644319778403;52.4214851247339
31992;Seehafen Rotterdam;;;;4.05122533711307;51.951747416134
31993;Seehafen Groningen Seaports;;;;6.9335342910337;53.3332784589161
32991;Seehafen Antwerpen;;;;4.25917546357211;51.3548046349027
32992;Seehafen Zeebrugge;;;;3.17670343416163;51.3509498661527
41991;Seehafen Le Havre;;;;0.16026917510634;49.4608240528936
53991;Seehafen Genua;;;;8.91213759569776;44.4039707751043
53992;Seehafen Livorno;;;;10.3024194655508;43.5721932400826
53993;Seehafen Gioia Tauro;;;;15.9094182065427;38.4567167626276
53994;Seehafen Venedig;;;;12.2531115710697;45.4568088368254
53995;Seehafen Trieste;;;;13.7609139414799;45.6313800745674
55991;Seehafen Koper;;;;13.7382131350466;45.5549396643762
56991;Seehafen Rijeka;;;;14.4534163526115;45.3211192643104
73991;Seehafen Szczecin;;;;14.5835377239564;53.4242330463124
73992;Seehafen Gdynia;;;;18.514345979601;54.545901530402
73993;Seehafen Gdansk;;;;18.7063795767893;54.3862141519036
73994;Seehafen Swinoujscie;;;;14.2581485631515;53.8987530187133
